identifier,rank,edition
COMBEYS-bc640d-51,l,57
COMBEYS-bc640d-1d,l,3
COMBEYS-bc640d-81,l,1055
COMBEYS-bc640d-2b,1557,17
COMBEYS-bc640d-0333,1556,801
COMBEYS-bc640d-0338,1555,806
COMBEYS-bc640d-044b,1554,1085
COMBEYS-bc640d-028e,1553,635
COMBEYS-bc640d-29,1552,15
COMBEYS-bc640d-022d,1551,536
COMBEYS-bc640d-0373,1550,866
COMBEYS-bc640d-f8,1549,220
COMBEYS-bc640d-0218,1548,513
COMBEYS-bc640d-f5,1547,217
COMBEYS-bc640d-017f,1546,356
COMBEYS-bc640d-0155,1545,313
COMBEYS-bc640d-d8,1544,187
COMBEYS-bc640d-031e,1543,780
COMBEYS-bc640d-0142,1542,294
COMBEYS-bc640d-ad,1541,144
COMBEYS-bc640d-0175,1540,345
COMBEYS-bc640d-02d6,1539,707
COMBEYS-bc640d-0548,1538,1340
COMBEYS-bc640d-060b,1537,1537
COMBEYS-bc640d-5b,1536,70
COMBEYS-bc640d-50,1535,56
COMBEYS-bc640d-05a7,1534,1436
COMBEYS-bc640d-04f7,1533,1259
COMBEYS-bc640d-0403,1532,1012
COMBEYS-bc640d-0327,1531,789
COMBEYS-bc640d-025b,1530,582
COMBEYS-bc640d-011a,1529,254
COMBEYS-bc640d-0383,1528,882
COMBEYS-bc640d-050d,1527,1281
COMBEYS-bc640d-01f0,1526,472
COMBEYS-bc640d-f0,1525,212
COMBEYS-bc640d-0292,1524,639
COMBEYS-bc640d-02ce,1523,699
COMBEYS-bc640d-01cf,1522,439
COMBEYS-bc640d-0297,1521,644
COMBEYS-bc640d-0389,1520,888
COMBEYS-bc640d-49,1519,49
COMBEYS-bc640d-0324,1518,786
COMBEYS-bc640d-0121,1517,261
COMBEYS-bc640d-0476,1516,1128
COMBEYS-bc640d-21,1515,7
COMBEYS-bc640d-02eb,1514,728
COMBEYS-bc640d-02a5,1513,658
COMBEYS-bc640d-0211,1512,505
COMBEYS-bc640d-0208,1511,496
COMBEYS-bc640d-049b,1510,1165
COMBEYS-bc640d-05ce,1509,1475
COMBEYS-bc640d-76,1508,98
COMBEYS-bc640d-03ab,1507,922
COMBEYS-bc640d-030f,1506,764
COMBEYS-bc640d-03e5,1505,981
COMBEYS-bc640d-0210,1504,504
COMBEYS-bc640d-73,1503,95
COMBEYS-bc640d-0282,1502,623
COMBEYS-bc640d-05c2,1501,1463
COMBEYS-bc640d-02d4,1500,705
COMBEYS-bc640d-04b6,1499,1192
COMBEYS-bc640d-0603,1498,1529
COMBEYS-bc640d-0262,1497,589
COMBEYS-bc640d-0168,1496,332
COMBEYS-bc640d-0199,1495,383
COMBEYS-bc640d-03bd,1494,941
COMBEYS-bc640d-031c,1493,778
COMBEYS-bc640d-02c7,1492,692
COMBEYS-bc640d-057b,1491,1392
COMBEYS-bc640d-038c,1490,891
COMBEYS-bc640d-67,1489,83
COMBEYS-bc640d-053c,1488,1328
COMBEYS-bc640d-042d,1487,1054
COMBEYS-bc640d-0248,1486,563
COMBEYS-bc640d-049a,1485,1164
COMBEYS-bc640d-04e1,1484,1236
COMBEYS-bc640d-043d,1483,1071
COMBEYS-bc640d-010e,1482,242
COMBEYS-bc640d-011d,1481,257
COMBEYS-bc640d-3c,1480,35
COMBEYS-bc640d-03e4,1479,980
COMBEYS-bc640d-05f7,1478,1517
COMBEYS-bc640d-03ea,1477,986
COMBEYS-bc640d-0347,1476,821
COMBEYS-bc640d-b8,1475,155
COMBEYS-bc640d-85,1474,104
COMBEYS-bc640d-053a,1473,1326
COMBEYS-bc640d-036d,1472,860
COMBEYS-bc640d-03b0,1471,927
COMBEYS-bc640d-055c,1470,1360
COMBEYS-bc640d-0492,1469,1156
COMBEYS-bc640d-02fe,1468,747
COMBEYS-bc640d-ee,1467,210
COMBEYS-bc640d-03ff,1466,1008
COMBEYS-bc640d-0214,1465,509
COMBEYS-bc640d-0479,1464,1131
COMBEYS-bc640d-0313,1463,768
COMBEYS-bc640d-01f5,1462,477
COMBEYS-bc640d-df,1461,195
COMBEYS-bc640d-f1,1460,213
COMBEYS-bc640d-0269,1459,597
COMBEYS-bc640d-6f,1458,91
COMBEYS-bc640d-0402,1457,1011
COMBEYS-bc640d-01d6,1456,446
COMBEYS-bc640d-02c0,1455,685
COMBEYS-bc640d-0174,1454,344
COMBEYS-bc640d-0541,1453,1333
COMBEYS-bc640d-0417,1452,1032
COMBEYS-bc640d-0575,1451,1386
COMBEYS-bc640d-03dc,1450,972
COMBEYS-bc640d-044a,1449,1084
COMBEYS-bc640d-03da,1448,970
COMBEYS-bc640d-03c5,1447,949
COMBEYS-bc640d-020f,1446,503
COMBEYS-bc640d-010c,1445,240
COMBEYS-bc640d-89,1444,108
COMBEYS-bc640d-05bf,1443,1460
COMBEYS-bc640d-01a5,1442,395
COMBEYS-bc640d-0534,1441,1320
COMBEYS-bc640d-04c0,1440,1202
COMBEYS-bc640d-3d,1439,36
COMBEYS-bc640d-04cc,1438,1214
COMBEYS-bc640d-0272,1437,607
COMBEYS-bc640d-04e3,1436,1238
COMBEYS-bc640d-0599,1435,1422
COMBEYS-bc640d-f4,1434,216
COMBEYS-bc640d-038b,1433,890
COMBEYS-bc640d-0357,1432,838
COMBEYS-bc640d-05cc,1431,1473
COMBEYS-bc640d-91,1430,116
COMBEYS-bc640d-0598,1429,1421
COMBEYS-bc640d-05b6,1428,1451
COMBEYS-bc640d-02f2,1427,735
COMBEYS-bc640d-0217,1426,512
COMBEYS-bc640d-0223,1425,524
COMBEYS-bc640d-048b,1424,1149
COMBEYS-bc640d-01ac,1423,402
COMBEYS-bc640d-05ff,1422,1525
COMBEYS-bc640d-4b,1421,51
COMBEYS-bc640d-031b,1420,777
COMBEYS-bc640d-02f6,1419,739
COMBEYS-bc640d-017d,1418,354
COMBEYS-bc640d-0339,1417,807
COMBEYS-bc640d-be,1416,161
COMBEYS-bc640d-0116,1415,250
COMBEYS-bc640d-0281,1414,622
COMBEYS-bc640d-0288,1413,629
COMBEYS-bc640d-019b,1412,385
COMBEYS-bc640d-87,1411,106
COMBEYS-bc640d-024a,1410,565
COMBEYS-bc640d-02a2,1409,655
COMBEYS-bc640d-04f0,1408,1252
COMBEYS-bc640d-0519,1407,1293
COMBEYS-bc640d-02ad,1406,666
COMBEYS-bc640d-0448,1405,1082
COMBEYS-bc640d-02fc,1404,745
COMBEYS-bc640d-03e7,1403,983
COMBEYS-bc640d-8c,1402,111
COMBEYS-bc640d-0315,1401,770
COMBEYS-bc640d-05c5,1400,1466
COMBEYS-bc640d-05c8,1399,1469
COMBEYS-bc640d-0413,1398,1028
COMBEYS-bc640d-05e7,1397,1501
COMBEYS-bc640d-05e0,1396,1494
COMBEYS-bc640d-0144,1395,296
COMBEYS-bc640d-0604,1394,1530
COMBEYS-bc640d-050a,1393,1278
COMBEYS-bc640d-93,1392,118
COMBEYS-bc640d-0449,1391,1083
COMBEYS-bc640d-042e,1390,1056
COMBEYS-bc640d-04c5,1389,1207
COMBEYS-bc640d-027b,1388,616
COMBEYS-bc640d-04ba,1387,1196
COMBEYS-bc640d-05fb,1386,1521
COMBEYS-bc640d-05db,1385,1489
COMBEYS-bc640d-029f,1384,652
COMBEYS-bc640d-045e,1383,1104
COMBEYS-bc640d-0558,1382,1356
COMBEYS-bc640d-01f1,1381,473
COMBEYS-bc640d-03f6,1380,998
COMBEYS-bc640d-0173,1379,343
COMBEYS-bc640d-0320,1378,782
COMBEYS-bc640d-026c,1377,600
COMBEYS-bc640d-0115,1376,249
COMBEYS-bc640d-05c3,1375,1464
COMBEYS-bc640d-0160,1374,323
COMBEYS-bc640d-054b,1373,1343
COMBEYS-bc640d-0610,1372,1542
COMBEYS-bc640d-040c,1371,1021
COMBEYS-bc640d-02de,1370,715
COMBEYS-bc640d-0124,1369,264
COMBEYS-bc640d-010b,1368,239
COMBEYS-bc640d-03d6,1367,966
COMBEYS-bc640d-05c6,1366,1467
COMBEYS-bc640d-fc,1365,224
COMBEYS-bc640d-0246,1364,561
COMBEYS-bc640d-02e5,1363,722
COMBEYS-bc640d-05d5,1362,1482
COMBEYS-bc640d-015d,1361,320
COMBEYS-bc640d-0409,1360,1018
COMBEYS-bc640d-c5,1359,168
COMBEYS-bc640d-05f1,1358,1511
COMBEYS-bc640d-04a1,1357,1171
COMBEYS-bc640d-017e,1356,355
COMBEYS-bc640d-02aa,1355,663
COMBEYS-bc640d-01f7,1354,479
COMBEYS-bc640d-026d,1353,602
COMBEYS-bc640d-0505,1352,1273
COMBEYS-bc640d-34,1351,26
COMBEYS-bc640d-0566,1350,1370
COMBEYS-bc640d-016b,1349,335
COMBEYS-bc640d-0589,1348,1406
COMBEYS-bc640d-03f3,1347,995
COMBEYS-bc640d-0316,1346,771
COMBEYS-bc640d-0477,1345,1129
COMBEYS-bc640d-02e7,1344,724
COMBEYS-bc640d-027d,1343,618
COMBEYS-bc640d-0540,1342,1332
COMBEYS-bc640d-40,1341,39
COMBEYS-bc640d-02cc,1340,697
COMBEYS-bc640d-02b5,1339,674
COMBEYS-bc640d-64,1338,80
COMBEYS-bc640d-029d,1337,650
COMBEYS-bc640d-05d8,1336,1485
COMBEYS-bc640d-012a,1335,270
COMBEYS-bc640d-b5,1334,152
COMBEYS-bc640d-b1,1333,148
COMBEYS-bc640d-ac,1332,143
COMBEYS-bc640d-01dd,1331,453
COMBEYS-bc640d-0106,1330,234
COMBEYS-bc640d-0517,1329,1291
COMBEYS-bc640d-a8,1328,139
COMBEYS-bc640d-0279,1327,614
COMBEYS-bc640d-0595,1326,1418
COMBEYS-bc640d-016c,1325,336
COMBEYS-bc640d-0309,1324,758
COMBEYS-bc640d-0154,1323,312
COMBEYS-bc640d-0157,1322,315
COMBEYS-bc640d-044f,1321,1089
COMBEYS-bc640d-0504,1320,1272
COMBEYS-bc640d-01de,1319,454
COMBEYS-bc640d-0486,1318,1144
COMBEYS-bc640d-0605,1317,1531
COMBEYS-bc640d-01b9,1316,416
COMBEYS-bc640d-0445,1315,1079
COMBEYS-bc640d-013a,1314,286
COMBEYS-bc640d-035d,1313,844
COMBEYS-bc640d-c3,1312,166
COMBEYS-bc640d-02f0,1311,733
COMBEYS-bc640d-0209,1310,497
COMBEYS-bc640d-02c2,1309,687
COMBEYS-bc640d-05a1,1308,1430
COMBEYS-bc640d-0330,1307,798
COMBEYS-bc640d-02c5,1306,690
COMBEYS-bc640d-05e1,1305,1495
COMBEYS-bc640d-04fd,1304,1265
COMBEYS-bc640d-0439,1303,1067
COMBEYS-bc640d-01fc,1302,484
COMBEYS-bc640d-71,1301,93
COMBEYS-bc640d-028c,1300,633
COMBEYS-bc640d-0182,1299,359
COMBEYS-bc640d-0145,1298,297
COMBEYS-bc640d-03de,1297,974
COMBEYS-bc640d-1b,1296,2
COMBEYS-bc640d-0382,1295,881
COMBEYS-bc640d-052b,1294,1311
COMBEYS-bc640d-e3,1293,199
COMBEYS-bc640d-05b4,1292,1449
COMBEYS-bc640d-0600,1291,1526
COMBEYS-bc640d-4f,1290,55
COMBEYS-bc640d-035a,1289,841
COMBEYS-bc640d-0276,1288,611
COMBEYS-bc640d-046c,1287,1118
COMBEYS-bc640d-042f,1286,1057
COMBEYS-bc640d-010d,1285,241
COMBEYS-bc640d-03b5,1284,932
COMBEYS-bc640d-0130,1283,276
COMBEYS-bc640d-41,1282,40
COMBEYS-bc640d-04af,1281,1185
COMBEYS-bc640d-039d,1280,908
COMBEYS-bc640d-02f1,1279,734
COMBEYS-bc640d-0132,1278,278
COMBEYS-bc640d-32,1277,24
COMBEYS-bc640d-65,1276,81
COMBEYS-bc640d-0162,1275,325
COMBEYS-bc640d-0381,1274,880
COMBEYS-bc640d-056a,1273,1374
COMBEYS-bc640d-03ac,1272,923
COMBEYS-bc640d-0399,1271,904
COMBEYS-bc640d-03b1,1270,928
COMBEYS-bc640d-ca,1269,173
COMBEYS-bc640d-4c,1268,52
COMBEYS-bc640d-84,1267,103
COMBEYS-bc640d-036f,1266,862
COMBEYS-bc640d-015c,1265,319
COMBEYS-bc640d-0363,1264,850
COMBEYS-bc640d-0225,1263,526
COMBEYS-bc640d-04e5,1262,1240
COMBEYS-bc640d-30,1261,22
COMBEYS-bc640d-051b,1260,1295
COMBEYS-bc640d-8b,1259,110
COMBEYS-bc640d-0178,1258,348
COMBEYS-bc640d-0179,1257,350
COMBEYS-bc640d-03ec,1256,988
COMBEYS-bc640d-03a4,1255,915
COMBEYS-bc640d-e6,1254,202
COMBEYS-bc640d-01bb,1253,418
COMBEYS-bc640d-0410,1252,1025
COMBEYS-bc640d-45,1251,44
COMBEYS-bc640d-0460,1250,1106
COMBEYS-bc640d-060e,1249,1540
COMBEYS-bc640d-0568,1248,1372
COMBEYS-bc640d-01d0,1247,440
COMBEYS-bc640d-05d2,1246,1479
COMBEYS-bc640d-57,1245,65
COMBEYS-bc640d-047f,1244,1137
COMBEYS-bc640d-02b3,1243,672
COMBEYS-bc640d-7d,1242,59
COMBEYS-bc640d-0187,1241,364
COMBEYS-bc640d-4e,1240,54
COMBEYS-bc640d-028f,1239,636
COMBEYS-bc640d-db,1238,190
COMBEYS-bc640d-0166,1237,330
COMBEYS-bc640d-025c,1236,583
COMBEYS-bc640d-a7,1235,138
COMBEYS-bc640d-0441,1234,1075
COMBEYS-bc640d-038e,1233,893
COMBEYS-bc640d-0588,1232,1405
COMBEYS-bc640d-52,1231,58
COMBEYS-bc640d-03bf,1230,943
COMBEYS-bc640d-021b,1229,516
COMBEYS-bc640d-0601,1228,1527
COMBEYS-bc640d-0167,1227,331
COMBEYS-bc640d-0152,1226,310
COMBEYS-bc640d-0379,1225,872
COMBEYS-bc640d-01cc,1224,436
COMBEYS-bc640d-03a5,1223,916
COMBEYS-bc640d-039b,1222,906
COMBEYS-bc640d-0108,1221,236
COMBEYS-bc640d-060a,1220,1536
COMBEYS-bc640d-01a4,1219,394
COMBEYS-bc640d-0397,1218,902
COMBEYS-bc640d-01bd,1217,420
COMBEYS-bc640d-0583,1216,1400
COMBEYS-bc640d-0296,1215,643
COMBEYS-bc640d-23,1214,9
COMBEYS-bc640d-0462,1213,1108
COMBEYS-bc640d-0470,1212,1122
COMBEYS-bc640d-04be,1211,1200
COMBEYS-bc640d-048f,1210,1153
COMBEYS-bc640d-01da,1209,450
COMBEYS-bc640d-62,1208,78
COMBEYS-bc640d-0444,1207,1078
COMBEYS-bc640d-026b,1206,599
COMBEYS-bc640d-034e,1205,829
COMBEYS-bc640d-01c3,1204,427
COMBEYS-bc640d-0147,1203,299
COMBEYS-bc640d-0478,1202,1130
COMBEYS-bc640d-5a,1201,68
COMBEYS-bc640d-018f,1200,372
COMBEYS-bc640d-99,1199,124
COMBEYS-bc640d-05ed,1198,1507
COMBEYS-bc640d-03a2,1197,913
COMBEYS-bc640d-016f,1196,339
COMBEYS-bc640d-04d5,1195,1224
COMBEYS-bc640d-0529,1194,1309
COMBEYS-bc640d-33,1193,25
COMBEYS-bc640d-0401,1192,1010
COMBEYS-bc640d-0360,1191,847
COMBEYS-bc640d-e2,1190,198
COMBEYS-bc640d-054a,1189,1342
COMBEYS-bc640d-0407,1188,1016
COMBEYS-bc640d-0561,1187,1365
COMBEYS-bc640d-03aa,1186,921
COMBEYS-bc640d-02c9,1185,694
COMBEYS-bc640d-03ad,1184,924
COMBEYS-bc640d-04ed,1183,1249
COMBEYS-bc640d-05dc,1182,1490
COMBEYS-bc640d-0185,1181,362
COMBEYS-bc640d-92,1180,117
COMBEYS-bc640d-031f,1179,781
COMBEYS-bc640d-02ca,1178,695
COMBEYS-bc640d-04ce,1177,1216
COMBEYS-bc640d-79,1176,101
COMBEYS-bc640d-0580,1175,1397
COMBEYS-bc640d-ef,1174,211
COMBEYS-bc640d-02c1,1173,686
COMBEYS-bc640d-01fe,1172,486
COMBEYS-bc640d-0608,1171,1534
COMBEYS-bc640d-018a,1170,367
COMBEYS-bc640d-cf,1169,178
COMBEYS-bc640d-04c1,1168,1203
COMBEYS-bc640d-035e,1167,845
COMBEYS-bc640d-0202,1166,490
COMBEYS-bc640d-01b4,1165,410
COMBEYS-bc640d-0278,1164,613
COMBEYS-bc640d-05d7,1163,1484
COMBEYS-bc640d-47,1162,46
COMBEYS-bc640d-04cd,1161,1215
COMBEYS-bc640d-0572,1160,1383
COMBEYS-bc640d-ae,1159,145
COMBEYS-bc640d-04ca,1158,1212
COMBEYS-bc640d-0458,1157,1098
COMBEYS-bc640d-013f,1156,291
COMBEYS-bc640d-04ee,1155,1250
COMBEYS-bc640d-0544,1154,1336
COMBEYS-bc640d-03fa,1153,1002
COMBEYS-bc640d-021a,1152,515
COMBEYS-bc640d-049e,1151,1168
COMBEYS-bc640d-03d1,1150,961
COMBEYS-bc640d-05d1,1149,1478
COMBEYS-bc640d-0467,1148,1113
COMBEYS-bc640d-3f,1147,38
COMBEYS-bc640d-0613,1146,1545
COMBEYS-bc640d-0189,1145,366
COMBEYS-bc640d-01c1,1144,424
COMBEYS-bc640d-02a9,1143,662
COMBEYS-bc640d-0206,1142,494
COMBEYS-bc640d-04bb,1141,1197
COMBEYS-bc640d-0398,1140,903
COMBEYS-bc640d-0475,1139,1127
COMBEYS-bc640d-05cb,1138,1472
COMBEYS-bc640d-0506,1137,1274
COMBEYS-bc640d-56,1136,64
COMBEYS-bc640d-0252,1135,573
COMBEYS-bc640d-03fc,1134,1005
COMBEYS-bc640d-54,1133,62
COMBEYS-bc640d-048e,1132,1152
COMBEYS-bc640d-ab,1131,142
COMBEYS-bc640d-0120,1130,260
COMBEYS-bc640d-0366,1129,853
COMBEYS-bc640d-0525,1128,1305
COMBEYS-bc640d-f9,1127,221
COMBEYS-bc640d-86,1126,105
COMBEYS-bc640d-04c3,1125,1205
COMBEYS-bc640d-04cb,1124,1213
COMBEYS-bc640d-75,1123,97
COMBEYS-bc640d-03c0,1122,944
COMBEYS-bc640d-ba,1121,157
COMBEYS-bc640d-4a,1120,50
COMBEYS-bc640d-045c,1119,1102
COMBEYS-bc640d-01cb,1118,435
COMBEYS-bc640d-0113,1117,247
COMBEYS-bc640d-02ed,1116,730
COMBEYS-bc640d-022c,1115,535
COMBEYS-bc640d-04f5,1114,1257
COMBEYS-bc640d-011c,1113,256
COMBEYS-bc640d-058c,1112,1409
COMBEYS-bc640d-05cf,1111,1476
COMBEYS-bc640d-03c4,1110,948
COMBEYS-bc640d-024d,1109,568
COMBEYS-bc640d-0370,1108,863
COMBEYS-bc640d-017b,1107,352
COMBEYS-bc640d-041c,1106,1037
COMBEYS-bc640d-0253,1105,574
COMBEYS-bc640d-031a,1104,776
COMBEYS-bc640d-02b6,1103,675
COMBEYS-bc640d-35,1102,27
COMBEYS-bc640d-0538,1101,1324
COMBEYS-bc640d-053d,1100,1329
COMBEYS-bc640d-01ca,1099,434
COMBEYS-bc640d-af,1098,146
COMBEYS-bc640d-0337,1097,805
COMBEYS-bc640d-74,1096,96
COMBEYS-bc640d-0191,1095,374
COMBEYS-bc640d-0512,1094,1286
COMBEYS-bc640d-0390,1093,895
COMBEYS-bc640d-04d1,1092,1219
COMBEYS-bc640d-0266,1091,593
COMBEYS-bc640d-044d,1090,1087
COMBEYS-bc640d-03f4,1089,996
COMBEYS-bc640d-02ea,1088,727
COMBEYS-bc640d-0228,1087,530
COMBEYS-bc640d-044e,1086,1088
COMBEYS-bc640d-02b4,1085,673
COMBEYS-bc640d-0277,1084,612
COMBEYS-bc640d-0612,1083,1544
COMBEYS-bc640d-01e3,1082,459
COMBEYS-bc640d-057f,1081,1396
COMBEYS-bc640d-03c3,1080,947
COMBEYS-bc640d-04d6,1079,1225
COMBEYS-bc640d-013c,1078,288
COMBEYS-bc640d-0539,1077,1325
COMBEYS-bc640d-02ba,1076,679
COMBEYS-bc640d-03eb,1075,987
COMBEYS-bc640d-0290,1074,637
COMBEYS-bc640d-04bc,1073,1198
COMBEYS-bc640d-8f,1072,114
COMBEYS-bc640d-042a,1071,1051
COMBEYS-bc640d-a3,1070,134
COMBEYS-bc640d-42,1069,41
COMBEYS-bc640d-0172,1068,342
COMBEYS-bc640d-0317,1067,772
COMBEYS-bc640d-059a,1066,1423
COMBEYS-bc640d-0524,1065,1304
COMBEYS-bc640d-02fb,1064,744
COMBEYS-bc640d-03b2,1063,929
COMBEYS-bc640d-02df,1062,716
COMBEYS-bc640d-0508,1061,1276
COMBEYS-bc640d-0301,1060,750
COMBEYS-bc640d-04cf,1059,1217
COMBEYS-bc640d-04dd,1058,1232
COMBEYS-bc640d-036c,1057,859
COMBEYS-bc640d-0100,1056,228
COMBEYS-bc640d-04fb,1055,1263
COMBEYS-bc640d-04c9,1054,1211
COMBEYS-bc640d-0151,1053,309
COMBEYS-bc640d-0565,1052,1369
COMBEYS-bc640d-02e6,1051,723
COMBEYS-bc640d-019e,1050,388
COMBEYS-bc640d-0355,1049,836
COMBEYS-bc640d-0587,1048,1404
COMBEYS-bc640d-0415,1047,1030
COMBEYS-bc640d-01aa,1046,400
COMBEYS-bc640d-053e,1045,1330
COMBEYS-bc640d-0226,1044,528
COMBEYS-bc640d-0499,1043,1163
COMBEYS-bc640d-01b7,1042,413
COMBEYS-bc640d-05eb,1041,1505
COMBEYS-bc640d-c1,1040,164
COMBEYS-bc640d-03e0,1039,976
COMBEYS-bc640d-6c,1038,88
COMBEYS-bc640d-0585,1037,1402
COMBEYS-bc640d-0602,1036,1528
COMBEYS-bc640d-0233,1035,542
COMBEYS-bc640d-051f,1034,1299
COMBEYS-bc640d-02e2,1033,719
COMBEYS-bc640d-02d7,1032,708
COMBEYS-bc640d-05fa,1031,1520
COMBEYS-bc640d-01e5,1030,461
COMBEYS-bc640d-0446,1029,1080
COMBEYS-bc640d-04aa,1028,1180
COMBEYS-bc640d-0597,1027,1420
COMBEYS-bc640d-0393,1026,898
COMBEYS-bc640d-05f3,1025,1513
COMBEYS-bc640d-0256,1024,577
COMBEYS-bc640d-03b8,1023,935
COMBEYS-bc640d-04d3,1022,1222
COMBEYS-bc640d-0611,1021,1543
COMBEYS-bc640d-0311,1020,766
COMBEYS-bc640d-0493,1019,1157
COMBEYS-bc640d-0553,1018,1351
COMBEYS-bc640d-045f,1017,1105
COMBEYS-bc640d-021d,1016,518
COMBEYS-bc640d-02b9,1015,678
COMBEYS-bc640d-bb,1014,158
COMBEYS-bc640d-05de,1013,1492
COMBEYS-bc640d-0554,1012,1352
COMBEYS-bc640d-05be,1011,1459
COMBEYS-bc640d-0365,1010,852
COMBEYS-bc640d-02d9,1009,710
COMBEYS-bc640d-02b8,1008,677
COMBEYS-bc640d-05b5,1007,1450
COMBEYS-bc640d-0213,1006,508
COMBEYS-bc640d-b2,1005,149
COMBEYS-bc640d-02bb,1004,680
COMBEYS-bc640d-0435,1003,1063
COMBEYS-bc640d-049d,1002,1167
COMBEYS-bc640d-98,1001,123
COMBEYS-bc640d-0148,1000,300
COMBEYS-bc640d-04f1,999,1253
COMBEYS-bc640d-037b,998,874
COMBEYS-bc640d-7f,997,47
COMBEYS-bc640d-04f2,996,1254
COMBEYS-bc640d-05a4,995,1433
COMBEYS-bc640d-0203,994,491
COMBEYS-bc640d-0557,993,1355
COMBEYS-bc640d-d6,992,185
COMBEYS-bc640d-0235,991,544
COMBEYS-bc640d-9c,990,127
COMBEYS-bc640d-0274,989,609
COMBEYS-bc640d-02a3,988,656
COMBEYS-bc640d-04ea,987,1246
COMBEYS-bc640d-f3,986,215
COMBEYS-bc640d-02d3,985,704
COMBEYS-bc640d-046e,984,1120
COMBEYS-bc640d-d5,983,184
COMBEYS-bc640d-022a,982,532
COMBEYS-bc640d-da,981,189
COMBEYS-bc640d-016d,980,337
COMBEYS-bc640d-047e,979,1136
COMBEYS-bc640d-015e,978,321
COMBEYS-bc640d-01f3,977,475
COMBEYS-bc640d-0221,976,522
COMBEYS-bc640d-9d,975,128
COMBEYS-bc640d-01e7,974,463
COMBEYS-bc640d-0563,973,1367
COMBEYS-bc640d-04d2,972,1220
COMBEYS-bc640d-020e,971,502
COMBEYS-bc640d-28,970,14
COMBEYS-bc640d-034d,969,828
COMBEYS-bc640d-b9,968,156
COMBEYS-bc640d-0146,967,298
COMBEYS-bc640d-0289,966,630
COMBEYS-bc640d-04a3,965,1173
COMBEYS-bc640d-044c,964,1086
COMBEYS-bc640d-0107,963,235
COMBEYS-bc640d-027e,962,619
COMBEYS-bc640d-052f,961,1315
COMBEYS-bc640d-0314,960,769
COMBEYS-bc640d-02ae,959,667
COMBEYS-bc640d-012c,958,272
COMBEYS-bc640d-d9,957,188
COMBEYS-bc640d-02b7,956,676
COMBEYS-bc640d-0241,955,556
COMBEYS-bc640d-041e,954,1039
COMBEYS-bc640d-01fd,953,485
COMBEYS-bc640d-0552,952,1350
COMBEYS-bc640d-059b,951,1424
COMBEYS-bc640d-02e3,950,720
COMBEYS-bc640d-01eb,949,467
COMBEYS-bc640d-02f5,948,738
COMBEYS-bc640d-43,947,42
COMBEYS-bc640d-02ff,946,748
COMBEYS-bc640d-01cd,945,437
COMBEYS-bc640d-0186,944,363
COMBEYS-bc640d-03cf,943,959
COMBEYS-bc640d-056c,942,1377
COMBEYS-bc640d-04da,941,1229
COMBEYS-bc640d-c9,940,172
COMBEYS-bc640d-0264,939,591
COMBEYS-bc640d-02f8,938,741
COMBEYS-bc640d-0368,937,855
COMBEYS-bc640d-0578,936,1389
COMBEYS-bc640d-02f4,935,737
COMBEYS-bc640d-05e5,934,1499
COMBEYS-bc640d-0573,933,1384
COMBEYS-bc640d-0237,932,546
COMBEYS-bc640d-049f,931,1169
COMBEYS-bc640d-048d,930,1151
COMBEYS-bc640d-037d,929,876
COMBEYS-bc640d-042c,928,1053
COMBEYS-bc640d-03a8,927,919
COMBEYS-bc640d-01bf,926,422
COMBEYS-bc640d-0273,925,608
COMBEYS-bc640d-024e,924,569
COMBEYS-bc640d-0560,923,1364
COMBEYS-bc640d-02b1,922,670
COMBEYS-bc640d-0377,921,870
COMBEYS-bc640d-01bc,920,419
COMBEYS-bc640d-05c4,919,1465
COMBEYS-bc640d-04f6,918,1258
COMBEYS-bc640d-0438,917,1066
COMBEYS-bc640d-03d2,916,962
COMBEYS-bc640d-01d3,915,443
COMBEYS-bc640d-6e,914,90
COMBEYS-bc640d-0520,913,1300
COMBEYS-bc640d-0243,912,558
COMBEYS-bc640d-0510,911,1284
COMBEYS-bc640d-0421,910,1042
COMBEYS-bc640d-04bd,909,1199
COMBEYS-bc640d-02bc,908,681
COMBEYS-bc640d-03be,907,942
COMBEYS-bc640d-9b,906,126
COMBEYS-bc640d-047d,905,1135
COMBEYS-bc640d-032d,904,795
COMBEYS-bc640d-0522,903,1302
COMBEYS-bc640d-04ff,902,1267
COMBEYS-bc640d-0255,901,576
COMBEYS-bc640d-fd,900,225
COMBEYS-bc640d-02dd,899,714
COMBEYS-bc640d-02a8,898,661
COMBEYS-bc640d-01a1,897,391
COMBEYS-bc640d-07,896,506
COMBEYS-bc640d-02d5,895,706
COMBEYS-bc640d-0140,894,292
COMBEYS-bc640d-0404,893,1013
COMBEYS-bc640d-04b9,892,1195
COMBEYS-bc640d-0432,891,1060
COMBEYS-bc640d-0271,890,606
COMBEYS-bc640d-0495,889,1159
COMBEYS-bc640d-0474,888,1126
COMBEYS-bc640d-03,887,349
COMBEYS-bc640d-0536,886,1322
COMBEYS-bc640d-0471,885,1123
COMBEYS-bc640d-0452,884,1092
COMBEYS-bc640d-0183,883,360
COMBEYS-bc640d-9a,882,125
COMBEYS-bc640d-01e6,881,462
COMBEYS-bc640d-0229,880,531
COMBEYS-bc640d-0454,879,1094
COMBEYS-bc640d-04b3,878,1189
COMBEYS-bc640d-0165,877,329
COMBEYS-bc640d-0433,876,1061
COMBEYS-bc640d-de,875,194
COMBEYS-bc640d-70,874,92
COMBEYS-bc640d-0500,873,1268
COMBEYS-bc640d-059e,872,1427
COMBEYS-bc640d-1a,871,1
COMBEYS-bc640d-025e,870,585
COMBEYS-bc640d-03f0,869,992
COMBEYS-bc640d-036a,868,857
COMBEYS-bc640d-0118,867,252
COMBEYS-bc640d-0550,866,1348
COMBEYS-bc640d-03cc,865,956
COMBEYS-bc640d-030c,864,761
COMBEYS-bc640d-0c,863,775
COMBEYS-bc640d-0195,862,378
COMBEYS-bc640d-01df,861,455
COMBEYS-bc640d-0571,860,1382
COMBEYS-bc640d-05bb,859,1456
COMBEYS-bc640d-0198,858,382
COMBEYS-bc640d-01e4,857,460
COMBEYS-bc640d-fa,856,222
COMBEYS-bc640d-0122,855,262
COMBEYS-bc640d-08,854,527
COMBEYS-bc640d-5d,853,72
COMBEYS-bc640d-0250,852,571
COMBEYS-bc640d-37,851,29
COMBEYS-bc640d-03df,850,975
COMBEYS-bc640d-05ab,849,1440
COMBEYS-bc640d-0205,848,493
COMBEYS-bc640d-e5,847,201
COMBEYS-bc640d-0459,846,1099
COMBEYS-bc640d-1c,845,3
COMBEYS-bc640d-10,844,1486
COMBEYS-bc640d-0396,843,901
COMBEYS-bc640d-046b,842,1117
COMBEYS-bc640d-055b,841,1359
COMBEYS-bc640d-0488,840,1146
COMBEYS-bc640d-05a0,839,1429
COMBEYS-bc640d-0247,838,562
COMBEYS-bc640d-028b,837,632
COMBEYS-bc640d-05,836,414
COMBEYS-bc640d-04b7,835,1193
COMBEYS-bc640d-0287,834,628
COMBEYS-bc640d-0463,833,1109
COMBEYS-bc640d-04f3,832,1255
COMBEYS-bc640d-0455,831,1095
COMBEYS-bc640d-05c7,830,1468
COMBEYS-bc640d-04a7,829,1177
COMBEYS-bc640d-05f8,828,1518
COMBEYS-bc640d-030d,827,762
COMBEYS-bc640d-0109,826,237
COMBEYS-bc640d-039a,825,905
COMBEYS-bc640d-02f7,824,740
COMBEYS-bc640d-0286,823,627
COMBEYS-bc640d-0303,822,752
COMBEYS-bc640d-03f9,821,1001
COMBEYS-bc640d-023d,820,552
COMBEYS-bc640d-02b2,819,671
COMBEYS-bc640d-0468,818,1114
COMBEYS-bc640d-9e,817,129
COMBEYS-bc640d-029e,816,651
COMBEYS-bc640d-018e,815,371
COMBEYS-bc640d-046d,814,1119
COMBEYS-bc640d-0489,813,1147
COMBEYS-bc640d-033d,812,811
COMBEYS-bc640d-0310,811,765
COMBEYS-bc640d-056f,810,1380
COMBEYS-bc640d-0507,809,1275
COMBEYS-bc640d-0136,808,282
COMBEYS-bc640d-03b3,807,930
COMBEYS-bc640d-0105,806,233
COMBEYS-bc640d-05f6,805,1516
COMBEYS-bc640d-0133,804,279
COMBEYS-bc640d-025d,803,584
COMBEYS-bc640d-0543,802,1335
COMBEYS-bc640d-02,801,328
COMBEYS-bc640d-033f,800,813
COMBEYS-bc640d-030e,799,763
COMBEYS-bc640d-01c2,798,425
COMBEYS-bc640d-0352,797,833
COMBEYS-bc640d-0117,796,251
COMBEYS-bc640d-033e,795,812
COMBEYS-bc640d-a5,794,136
COMBEYS-bc640d-0498,793,1162
COMBEYS-bc640d-02ec,792,729
COMBEYS-bc640d-014f,791,307
COMBEYS-bc640d-050b,790,1279
COMBEYS-bc640d-05ec,789,1506
COMBEYS-bc640d-0490,788,1154
COMBEYS-bc640d-0484,787,1142
COMBEYS-bc640d-05e2,786,1496
COMBEYS-bc640d-05d3,785,1480
COMBEYS-bc640d-46,784,45
COMBEYS-bc640d-01e8,783,464
COMBEYS-bc640d-0131,782,277
COMBEYS-bc640d-0232,781,541
COMBEYS-bc640d-7a,780,102
COMBEYS-bc640d-d0,779,179
COMBEYS-bc640d-05ef,778,1509
COMBEYS-bc640d-033a,777,808
COMBEYS-bc640d-05a6,776,1435
COMBEYS-bc640d-039f,775,910
COMBEYS-bc640d-02cf,774,700
COMBEYS-bc640d-036b,773,858
COMBEYS-bc640d-01c5,772,429
COMBEYS-bc640d-03fe,771,1007
COMBEYS-bc640d-0257,770,578
COMBEYS-bc640d-05d9,769,1487
COMBEYS-bc640d-0480,768,1138
COMBEYS-bc640d-05b8,767,1453
COMBEYS-bc640d-032a,766,792
COMBEYS-bc640d-0346,765,820
COMBEYS-bc640d-c2,764,165
COMBEYS-bc640d-058a,763,1407
COMBEYS-bc640d-019d,762,387
COMBEYS-bc640d-0405,761,1014
COMBEYS-bc640d-01ab,760,401
COMBEYS-bc640d-0240,759,555
COMBEYS-bc640d-040f,758,1024
COMBEYS-bc640d-0427,757,1048
COMBEYS-bc640d-c8,756,171
COMBEYS-bc640d-04b0,755,1186
COMBEYS-bc640d-04,754,380
COMBEYS-bc640d-0378,753,871
COMBEYS-bc640d-048c,752,1150
COMBEYS-bc640d-0222,751,523
COMBEYS-bc640d-06,750,426
COMBEYS-bc640d-05c9,749,1470
COMBEYS-bc640d-016e,748,338
COMBEYS-bc640d-060c,747,1538
COMBEYS-bc640d-02ac,746,665
COMBEYS-bc640d-eb,745,207
COMBEYS-bc640d-c7,744,170
COMBEYS-bc640d-0103,743,231
COMBEYS-bc640d-021e,742,519
COMBEYS-bc640d-01f8,741,480
COMBEYS-bc640d-02ab,740,664
COMBEYS-bc640d-041d,739,1038
COMBEYS-bc640d-0414,738,1029
COMBEYS-bc640d-0204,737,492
COMBEYS-bc640d-01ce,736,438
COMBEYS-bc640d-0158,735,316
COMBEYS-bc640d-05e4,734,1498
COMBEYS-bc640d-77,733,99
COMBEYS-bc640d-059c,732,1425
COMBEYS-bc640d-0344,731,818
COMBEYS-bc640d-66,730,82
COMBEYS-bc640d-032b,729,793
COMBEYS-bc640d-040e,728,1023
COMBEYS-bc640d-023c,727,551
COMBEYS-bc640d-04ab,726,1181
COMBEYS-bc640d-05fd,725,1523
COMBEYS-bc640d-0532,724,1318
COMBEYS-bc640d-01db,723,451
COMBEYS-bc640d-26,722,12
COMBEYS-bc640d-035f,721,846
COMBEYS-bc640d-043e,720,1072
COMBEYS-bc640d-0496,719,1160
COMBEYS-bc640d-0380,718,879
COMBEYS-bc640d-55,717,63
COMBEYS-bc640d-0216,716,511
COMBEYS-bc640d-0321,715,783
COMBEYS-bc640d-037f,714,878
COMBEYS-bc640d-02db,713,712
COMBEYS-bc640d-04fe,712,1266
COMBEYS-bc640d-02a4,711,657
COMBEYS-bc640d-0564,710,1368
COMBEYS-bc640d-03ca,709,954
COMBEYS-bc640d-057e,708,1395
COMBEYS-bc640d-04e0,707,1235
COMBEYS-bc640d-0453,706,1093
COMBEYS-bc640d-055f,705,1363
COMBEYS-bc640d-0354,704,835
COMBEYS-bc640d-01d4,703,444
COMBEYS-bc640d-053b,702,1327
COMBEYS-bc640d-01f6,701,478
COMBEYS-bc640d-0212,700,507
COMBEYS-bc640d-03ed,699,989
COMBEYS-bc640d-01b1,698,407
COMBEYS-bc640d-036e,697,861
COMBEYS-bc640d-02c4,696,689
COMBEYS-bc640d-05ee,695,1508
COMBEYS-bc640d-0304,694,753
COMBEYS-bc640d-0530,693,1316
COMBEYS-bc640d-05ac,692,1441
COMBEYS-bc640d-61,691,77
COMBEYS-bc640d-05bd,690,1458
COMBEYS-bc640d-0a,689,596
COMBEYS-bc640d-04ad,688,1183
COMBEYS-bc640d-0190,687,373
COMBEYS-bc640d-04c8,686,1210
COMBEYS-bc640d-d2,685,181
COMBEYS-bc640d-7b,684,74
COMBEYS-bc640d-68,683,84
COMBEYS-bc640d-048a,682,1148
COMBEYS-bc640d-0582,681,1399
COMBEYS-bc640d-0511,680,1285
COMBEYS-bc640d-2c,679,18
COMBEYS-bc640d-0261,678,588
COMBEYS-bc640d-050c,677,1280
COMBEYS-bc640d-031d,676,779
COMBEYS-bc640d-019a,675,384
COMBEYS-bc640d-03dd,674,973
COMBEYS-bc640d-05a2,673,1431
COMBEYS-bc640d-03d0,672,960
COMBEYS-bc640d-0242,671,557
COMBEYS-bc640d-02ee,670,731
COMBEYS-bc640d-72,669,94
COMBEYS-bc640d-0329,668,791
COMBEYS-bc640d-0150,667,308
COMBEYS-bc640d-12,666,1748
COMBEYS-bc640d-03e1,665,977
COMBEYS-bc640d-01dc,664,452
COMBEYS-bc640d-02ef,663,732
COMBEYS-bc640d-01b0,662,406
COMBEYS-bc640d-03cb,661,955
COMBEYS-bc640d-0335,660,803
COMBEYS-bc640d-0422,659,1043
COMBEYS-bc640d-e4,658,200
COMBEYS-bc640d-04e6,657,1242
COMBEYS-bc640d-024f,656,570
COMBEYS-bc640d-0555,655,1353
COMBEYS-bc640d-0345,654,819
COMBEYS-bc640d-0139,653,285
COMBEYS-bc640d-052c,652,1312
COMBEYS-bc640d-04a6,651,1176
COMBEYS-bc640d-0406,650,1015
COMBEYS-bc640d-0156,649,314
COMBEYS-bc640d-0570,648,1381
COMBEYS-bc640d-0d,647,825
COMBEYS-bc640d-0127,646,267
COMBEYS-bc640d-05d0,645,1477
COMBEYS-bc640d-0143,644,295
COMBEYS-bc640d-023f,643,554
COMBEYS-bc640d-054c,642,1344
COMBEYS-bc640d-051a,641,1294
COMBEYS-bc640d-0359,640,840
COMBEYS-bc640d-0483,639,1141
COMBEYS-bc640d-88,638,107
COMBEYS-bc640d-0227,637,529
COMBEYS-bc640d-58,636,66
COMBEYS-bc640d-b3,635,150
COMBEYS-bc640d-02d0,634,701
COMBEYS-bc640d-0312,633,767
COMBEYS-bc640d-029b,632,648
COMBEYS-bc640d-0521,631,1301
COMBEYS-bc640d-0251,630,572
COMBEYS-bc640d-0350,629,831
COMBEYS-bc640d-a6,628,137
COMBEYS-bc640d-2a,627,16
COMBEYS-bc640d-05b0,626,1445
COMBEYS-bc640d-2e,625,20
COMBEYS-bc640d-fb,624,223
COMBEYS-bc640d-cb,623,174
COMBEYS-bc640d-0260,622,587
COMBEYS-bc640d-03ef,621,991
COMBEYS-bc640d-028a,620,631
COMBEYS-bc640d-0153,619,311
COMBEYS-bc640d-8d,618,112
COMBEYS-bc640d-0341,617,815
COMBEYS-bc640d-0291,616,638
COMBEYS-bc640d-0231,615,540
COMBEYS-bc640d-0326,614,788
COMBEYS-bc640d-5e,613,73
COMBEYS-bc640d-057d,612,1394
COMBEYS-bc640d-03b4,611,931
COMBEYS-bc640d-d1,610,180
COMBEYS-bc640d-052a,609,1310
COMBEYS-bc640d-052d,608,1313
COMBEYS-bc640d-034a,607,824
COMBEYS-bc640d-0181,606,358
COMBEYS-bc640d-0577,605,1388
COMBEYS-bc640d-0267,604,594
COMBEYS-bc640d-014b,603,303
COMBEYS-bc640d-01a6,602,396
COMBEYS-bc640d-01a0,601,390
COMBEYS-bc640d-0170,600,340
COMBEYS-bc640d-040b,599,1020
COMBEYS-bc640d-059f,598,1428
COMBEYS-bc640d-04fc,597,1264
COMBEYS-bc640d-015b,596,318
COMBEYS-bc640d-03b9,595,936
COMBEYS-bc640d-018d,594,370
COMBEYS-bc640d-035c,593,843
COMBEYS-bc640d-0384,592,883
COMBEYS-bc640d-6d,591,89
COMBEYS-bc640d-48,590,48
COMBEYS-bc640d-0592,589,1415
COMBEYS-bc640d-15,588,2027
COMBEYS-bc640d-04d0,587,1218
COMBEYS-bc640d-0547,586,1339
COMBEYS-bc640d-0617,585,1549
COMBEYS-bc640d-02f9,584,742
COMBEYS-bc640d-9f,583,130
COMBEYS-bc640d-022e,582,537
COMBEYS-bc640d-0394,581,899
COMBEYS-bc640d-0149,580,301
COMBEYS-bc640d-0207,579,495
COMBEYS-bc640d-22,578,8
COMBEYS-bc640d-04c2,577,1204
COMBEYS-bc640d-01d2,576,442
COMBEYS-bc640d-04b5,575,1191
COMBEYS-bc640d-022b,574,533
COMBEYS-bc640d-03db,573,971
COMBEYS-bc640d-02c8,572,693
COMBEYS-bc640d-0137,571,283
COMBEYS-bc640d-021f,570,520
COMBEYS-bc640d-0353,569,834
COMBEYS-bc640d-1f,568,5
COMBEYS-bc640d-0606,567,1532
COMBEYS-bc640d-0616,566,1548
COMBEYS-bc640d-01d7,565,447
COMBEYS-bc640d-043f,564,1073
COMBEYS-bc640d-0307,563,756
COMBEYS-bc640d-023e,562,553
COMBEYS-bc640d-045b,561,1101
COMBEYS-bc640d-25,560,11
COMBEYS-bc640d-051d,559,1297
COMBEYS-bc640d-0472,558,1124
COMBEYS-bc640d-01c4,557,428
COMBEYS-bc640d-05f2,556,1512
COMBEYS-bc640d-0306,555,755
COMBEYS-bc640d-05e3,554,1497
COMBEYS-bc640d-bf,553,162
COMBEYS-bc640d-04d4,552,1223
COMBEYS-bc640d-0245,551,560
COMBEYS-bc640d-0249,550,564
COMBEYS-bc640d-041f,549,1040
COMBEYS-bc640d-59,548,67
COMBEYS-bc640d-0533,547,1319
COMBEYS-bc640d-01,546,192
COMBEYS-bc640d-a2,545,133
COMBEYS-bc640d-0201,544,489
COMBEYS-bc640d-0501,543,1269
COMBEYS-bc640d-02bd,542,682
COMBEYS-bc640d-b4,541,151
COMBEYS-bc640d-034b,540,826
COMBEYS-bc640d-ce,539,177
COMBEYS-bc640d-94,538,119
COMBEYS-bc640d-05a5,537,1434
COMBEYS-bc640d-038a,536,889
COMBEYS-bc640d-04a4,535,1174
COMBEYS-bc640d-02c3,534,688
COMBEYS-bc640d-69,533,85
COMBEYS-bc640d-04a2,532,1172
COMBEYS-bc640d-04b4,531,1190
COMBEYS-bc640d-050e,530,1282
COMBEYS-bc640d-05df,529,1493
COMBEYS-bc640d-01a8,528,398
COMBEYS-bc640d-012e,527,274
COMBEYS-bc640d-14,526,1886
COMBEYS-bc640d-05fc,525,1522
COMBEYS-bc640d-0230,524,539
COMBEYS-bc640d-0371,523,864
COMBEYS-bc640d-060f,522,1541
COMBEYS-bc640d-014d,521,305
COMBEYS-bc640d-0e,520,938
COMBEYS-bc640d-05ba,519,1455
COMBEYS-bc640d-03c9,518,953
COMBEYS-bc640d-042b,517,1052
COMBEYS-bc640d-012f,516,275
COMBEYS-bc640d-02fa,515,743
COMBEYS-bc640d-0591,514,1414
COMBEYS-bc640d-01a9,513,399
COMBEYS-bc640d-0485,512,1143
COMBEYS-bc640d-04a0,511,1170
COMBEYS-bc640d-04e9,510,1245
COMBEYS-bc640d-03c7,509,951
COMBEYS-bc640d-31,508,23
COMBEYS-bc640d-030a,507,759
COMBEYS-bc640d-0416,506,1031
COMBEYS-bc640d-041a,505,1035
COMBEYS-bc640d-02af,504,668
COMBEYS-bc640d-0614,503,1546
COMBEYS-bc640d-045d,502,1103
COMBEYS-bc640d-0590,501,1413
COMBEYS-bc640d-041b,500,1036
COMBEYS-bc640d-0259,499,580
COMBEYS-bc640d-17,498,2292
COMBEYS-bc640d-0607,497,1533
COMBEYS-bc640d-ff,496,227
COMBEYS-bc640d-05f0,495,1510
COMBEYS-bc640d-01d8,494,448
COMBEYS-bc640d-0298,493,645
COMBEYS-bc640d-033b,492,809
COMBEYS-bc640d-039e,491,909
COMBEYS-bc640d-0559,490,1357
COMBEYS-bc640d-03c2,489,946
COMBEYS-bc640d-046a,488,1116
COMBEYS-bc640d-02e0,487,717
COMBEYS-bc640d-021c,486,517
COMBEYS-bc640d-63,485,79
COMBEYS-bc640d-03cd,484,957
COMBEYS-bc640d-05ca,483,1471
COMBEYS-bc640d-18,482,2037
COMBEYS-bc640d-0126,481,266
COMBEYS-bc640d-0367,480,854
COMBEYS-bc640d-056e,479,1379
COMBEYS-bc640d-7c,478,69
COMBEYS-bc640d-05b2,477,1447
COMBEYS-bc640d-0503,476,1271
COMBEYS-bc640d-01c7,475,431
COMBEYS-bc640d-058f,474,1412
COMBEYS-bc640d-e9,473,205
COMBEYS-bc640d-04d9,472,1228
COMBEYS-bc640d-04f9,471,1261
COMBEYS-bc640d-0351,470,832
COMBEYS-bc640d-019c,469,386
COMBEYS-bc640d-0526,468,1306
COMBEYS-bc640d-05af,467,1444
COMBEYS-bc640d-0224,466,525
COMBEYS-bc640d-010f,465,243
COMBEYS-bc640d-049c,464,1166
COMBEYS-bc640d-0220,463,521
COMBEYS-bc640d-0285,462,626
COMBEYS-bc640d-04e4,461,1239
COMBEYS-bc640d-01ec,460,468
COMBEYS-bc640d-02d8,459,709
COMBEYS-bc640d-0f,458,1375
COMBEYS-bc640d-03c8,457,952
COMBEYS-bc640d-0431,456,1059
COMBEYS-bc640d-90,455,115
COMBEYS-bc640d-0584,454,1401
COMBEYS-bc640d-05bc,453,1457
COMBEYS-bc640d-03f7,452,999
COMBEYS-bc640d-0129,451,269
COMBEYS-bc640d-0343,450,817
COMBEYS-bc640d-04dc,449,1231
COMBEYS-bc640d-e0,448,196
COMBEYS-bc640d-0523,447,1303
COMBEYS-bc640d-03c6,446,950
COMBEYS-bc640d-056b,445,1376
COMBEYS-bc640d-0254,444,575
COMBEYS-bc640d-05d4,443,1481
COMBEYS-bc640d-0412,442,1027
COMBEYS-bc640d-0440,441,1074
COMBEYS-bc640d-01f9,440,481
COMBEYS-bc640d-057a,439,1391
COMBEYS-bc640d-0542,438,1334
COMBEYS-bc640d-95,437,120
COMBEYS-bc640d-c0,436,163
COMBEYS-bc640d-0349,435,823
COMBEYS-bc640d-0141,434,293
COMBEYS-bc640d-0215,433,510
COMBEYS-bc640d-018b,432,368
COMBEYS-bc640d-043c,431,1070
COMBEYS-bc640d-0119,430,253
COMBEYS-bc640d-05fe,429,1524
COMBEYS-bc640d-04a9,428,1179
COMBEYS-bc640d-03d4,427,964
COMBEYS-bc640d-01ed,426,469
COMBEYS-bc640d-01c9,425,433
COMBEYS-bc640d-032c,424,794
COMBEYS-bc640d-09,423,534
COMBEYS-bc640d-01c0,422,423
COMBEYS-bc640d-01ba,421,417
COMBEYS-bc640d-0434,420,1062
COMBEYS-bc640d-05f5,419,1515
COMBEYS-bc640d-04f8,418,1260
COMBEYS-bc640d-04c6,417,1208
COMBEYS-bc640d-f6,416,218
COMBEYS-bc640d-05b1,415,1446
COMBEYS-bc640d-0159,414,xxx
COMBEYS-bc640d-017c,413,353
COMBEYS-bc640d-0436,412,1064
COMBEYS-bc640d-0263,411,590
COMBEYS-bc640d-0331,410,799
COMBEYS-bc640d-026e,409,603
COMBEYS-bc640d-0562,408,1366
COMBEYS-bc640d-037e,407,877
COMBEYS-bc640d-01fb,406,483
COMBEYS-bc640d-0348,405,822
COMBEYS-bc640d-05ad,404,1442
COMBEYS-bc640d-0494,403,1158
COMBEYS-bc640d-0545,402,1337
COMBEYS-bc640d-8a,401,109
COMBEYS-bc640d-0176,400,346
COMBEYS-bc640d-03f8,399,1000
COMBEYS-bc640d-0114,398,248
COMBEYS-bc640d-0447,397,1081
COMBEYS-bc640d-0238,396,547
COMBEYS-bc640d-0466,395,1112
COMBEYS-bc640d-010a,394,238
COMBEYS-bc640d-032e,393,796
COMBEYS-bc640d-0299,392,646
COMBEYS-bc640d-03d3,391,963
COMBEYS-bc640d-b6,390,153
COMBEYS-bc640d-0574,389,1385
COMBEYS-bc640d-04ef,388,1251
COMBEYS-bc640d-0b,387,601
COMBEYS-bc640d-0361,386,848
COMBEYS-bc640d-f7,385,219
COMBEYS-bc640d-02e9,384,726
COMBEYS-bc640d-0551,383,1349
COMBEYS-bc640d-04bf,382,1201
COMBEYS-bc640d-060d,381,1539
COMBEYS-bc640d-0234,380,543
COMBEYS-bc640d-04b2,379,1188
COMBEYS-bc640d-e7,378,203
COMBEYS-bc640d-03f1,377,993
COMBEYS-bc640d-13,376,1795
COMBEYS-bc640d-03e8,375,984
COMBEYS-bc640d-039c,374,907
COMBEYS-bc640d-0197,373,381
COMBEYS-bc640d-056d,372,1378
COMBEYS-bc640d-0408,371,1017
COMBEYS-bc640d-02cb,370,696
COMBEYS-bc640d-0420,369,1041
COMBEYS-bc640d-0265,368,592
COMBEYS-bc640d-0531,367,1317
COMBEYS-bc640d-0196,366,379
COMBEYS-bc640d-0518,365,1292
COMBEYS-bc640d-02d1,364,702
COMBEYS-bc640d-011b,363,255
COMBEYS-bc640d-0481,362,1139
COMBEYS-bc640d-20,361,6
COMBEYS-bc640d-0318,360,773
COMBEYS-bc640d-05e8,359,1502
COMBEYS-bc640d-01ee,358,470
COMBEYS-bc640d-03a7,357,918
COMBEYS-bc640d-cd,356,176
COMBEYS-bc640d-05a3,355,1432
COMBEYS-bc640d-01e2,354,458
COMBEYS-bc640d-01ae,353,404
COMBEYS-bc640d-0395,352,900
COMBEYS-bc640d-024c,351,567
COMBEYS-bc640d-0388,350,887
COMBEYS-bc640d-0528,349,1308
COMBEYS-bc640d-0161,348,324
COMBEYS-bc640d-0334,347,802
COMBEYS-bc640d-1e,346,4
COMBEYS-bc640d-b7,345,154
COMBEYS-bc640d-0491,344,1155
COMBEYS-bc640d-0369,343,856
COMBEYS-bc640d-19,342,1904
COMBEYS-bc640d-0283,341,624
COMBEYS-bc640d-0423,340,1044
COMBEYS-bc640d-03d9,339,969
COMBEYS-bc640d-01d5,338,445
COMBEYS-bc640d-034f,337,830
COMBEYS-bc640d-0596,336,1419
COMBEYS-bc640d-03e9,335,985
COMBEYS-bc640d-0424,334,1045
COMBEYS-bc640d-e1,333,197
COMBEYS-bc640d-0576,332,1387
COMBEYS-bc640d-aa,331,141
COMBEYS-bc640d-01a7,330,397
COMBEYS-bc640d-0325,329,787
COMBEYS-bc640d-051c,328,1296
COMBEYS-bc640d-012b,327,271
COMBEYS-bc640d-02e1,326,718
COMBEYS-bc640d-0284,325,625
COMBEYS-bc640d-020a,324,498
COMBEYS-bc640d-0138,323,284
COMBEYS-bc640d-0293,322,640
COMBEYS-bc640d-78,321,100
COMBEYS-bc640d-4d,320,53
COMBEYS-bc640d-029c,319,649
COMBEYS-bc640d-d4,318,183
COMBEYS-bc640d-05aa,317,1439
COMBEYS-bc640d-c6,316,169
COMBEYS-bc640d-0549,315,1341
COMBEYS-bc640d-0308,314,757
COMBEYS-bc640d-02a7,313,660
COMBEYS-bc640d-037c,312,875
COMBEYS-bc640d-0101,311,229
COMBEYS-bc640d-011f,310,259
COMBEYS-bc640d-0473,309,1125
COMBEYS-bc640d-03f2,308,994
COMBEYS-bc640d-0305,307,754
COMBEYS-bc640d-04fa,306,1262
COMBEYS-bc640d-014e,305,306
COMBEYS-bc640d-bd,304,160
COMBEYS-bc640d-0442,303,1076
COMBEYS-bc640d-04f4,302,1256
COMBEYS-bc640d-0200,301,488
COMBEYS-bc640d-01d9,300,449
COMBEYS-bc640d-01af,299,405
COMBEYS-bc640d-0300,298,749
COMBEYS-bc640d-027a,297,615
COMBEYS-bc640d-a0,296,131
COMBEYS-bc640d-012d,295,273
COMBEYS-bc640d-0516,294,1290
COMBEYS-bc640d-04c4,293,1206
COMBEYS-bc640d-03ae,292,925
COMBEYS-bc640d-d3,291,182
COMBEYS-bc640d-0482,290,1140
COMBEYS-bc640d-02da,289,711
COMBEYS-bc640d-054f,288,1347
COMBEYS-bc640d-0112,287,246
COMBEYS-bc640d-53,286,61
COMBEYS-bc640d-047c,285,1134
COMBEYS-bc640d-a4,284,135
COMBEYS-bc640d-0618,283,1550
COMBEYS-bc640d-03ba,282,937
COMBEYS-bc640d-0102,281,230
COMBEYS-bc640d-0391,280,896
COMBEYS-bc640d-01c6,279,430
COMBEYS-bc640d-16,278,2047
COMBEYS-bc640d-04a8,277,1178
COMBEYS-bc640d-01f4,276,476
COMBEYS-bc640d-0567,275,1371
COMBEYS-bc640d-0177,274,347
COMBEYS-bc640d-02d2,273,703
COMBEYS-bc640d-04e2,272,1237
COMBEYS-bc640d-054e,271,1346
COMBEYS-bc640d-0469,270,1115
COMBEYS-bc640d-0302,269,751
COMBEYS-bc640d-96,268,121
COMBEYS-bc640d-05b3,267,1448
COMBEYS-bc640d-05a9,266,1438
COMBEYS-bc640d-03ce,265,958
COMBEYS-bc640d-03af,264,926
COMBEYS-bc640d-0513,263,1287
COMBEYS-bc640d-0358,262,839
COMBEYS-bc640d-04e7,261,1243
COMBEYS-bc640d-0275,260,610
COMBEYS-bc640d-037a,259,873
COMBEYS-bc640d-05ea,258,1504
COMBEYS-bc640d-fe,257,226
COMBEYS-bc640d-059d,256,1426
COMBEYS-bc640d-019f,255,389
COMBEYS-bc640d-03a9,254,920
COMBEYS-bc640d-38,253,30
COMBEYS-bc640d-013e,252,290
COMBEYS-bc640d-01d1,251,441
COMBEYS-bc640d-03e6,250,982
COMBEYS-bc640d-01f2,249,474
COMBEYS-bc640d-03d5,248,965
COMBEYS-bc640d-11,247,1728
COMBEYS-bc640d-0497,246,1161
COMBEYS-bc640d-f2,245,214
COMBEYS-bc640d-03a6,244,917
COMBEYS-bc640d-0340,243,814
COMBEYS-bc640d-01be,242,421
COMBEYS-bc640d-0609,241,1535
COMBEYS-bc640d-05e9,240,1503
COMBEYS-bc640d-0392,239,897
COMBEYS-bc640d-04df,238,1234
COMBEYS-bc640d-03a1,237,912
COMBEYS-bc640d-0537,236,1323
COMBEYS-bc640d-01b5,235,411
COMBEYS-bc640d-0188,234,365
COMBEYS-bc640d-055a,233,1358
COMBEYS-bc640d-0192,232,375
COMBEYS-bc640d-7e,231,60
COMBEYS-bc640d-0322,230,784
COMBEYS-bc640d-03d7,229,967
COMBEYS-bc640d-0556,228,1354
COMBEYS-bc640d-026a,227,598
COMBEYS-bc640d-0374,226,867
COMBEYS-bc640d-01ef,225,471
COMBEYS-bc640d-029a,224,647
COMBEYS-bc640d-0171,223,341
COMBEYS-bc640d-04d8,222,1227
COMBEYS-bc640d-04de,221,1233
COMBEYS-bc640d-020b,220,499
COMBEYS-bc640d-033c,219,810
COMBEYS-bc640d-040a,218,1019
COMBEYS-bc640d-0184,217,361
COMBEYS-bc640d-04c7,216,1209
COMBEYS-bc640d-0193,215,376
COMBEYS-bc640d-39,214,31
COMBEYS-bc640d-0376,213,869
COMBEYS-bc640d-3e,212,37
COMBEYS-bc640d-02f3,211,736
COMBEYS-bc640d-3b,210,34
COMBEYS-bc640d-058b,209,1408
COMBEYS-bc640d-055e,208,1362
COMBEYS-bc640d-027c,207,617
COMBEYS-bc640d-01ad,206,403
COMBEYS-bc640d-a9,205,140
COMBEYS-bc640d-0425,204,1046
COMBEYS-bc640d-0244,203,559
COMBEYS-bc640d-0527,202,1307
COMBEYS-bc640d-02fd,201,746
COMBEYS-bc640d-032f,200,797
COMBEYS-bc640d-0342,199,816
COMBEYS-bc640d-02bf,198,684
COMBEYS-bc640d-36,197,28
COMBEYS-bc640d-01e1,196,457
COMBEYS-bc640d-3a,195,33
COMBEYS-bc640d-03a0,194,911
COMBEYS-bc640d-d7,193,186
COMBEYS-bc640d-01b2,192,408
COMBEYS-bc640d-030b,191,760
COMBEYS-bc640d-02e4,190,721
COMBEYS-bc640d-02cd,189,698
COMBEYS-bc640d-020d,188,501
COMBEYS-bc640d-02e8,187,725
COMBEYS-bc640d-03b7,186,934
COMBEYS-bc640d-cc,185,175
COMBEYS-bc640d-01fa,184,482
COMBEYS-bc640d-0430,183,1058
COMBEYS-bc640d-0451,182,1091
COMBEYS-bc640d-02be,181,683
COMBEYS-bc640d-03a3,180,914
COMBEYS-bc640d-0104,179,232
COMBEYS-bc640d-0163,178,326
COMBEYS-bc640d-04e8,177,1244
COMBEYS-bc640d-047b,176,1133
COMBEYS-bc640d-0110,175,244
COMBEYS-bc640d-023b,174,550
COMBEYS-bc640d-05dd,173,1491
COMBEYS-bc640d-034c,172,827
COMBEYS-bc640d-01a2,171,392
COMBEYS-bc640d-0535,170,1321
COMBEYS-bc640d-01b3,169,409
COMBEYS-bc640d-013d,168,289
COMBEYS-bc640d-026f,167,604
COMBEYS-bc640d-0464,166,1110
COMBEYS-bc640d-03fb,165,1004
COMBEYS-bc640d-01ff,164,487
COMBEYS-bc640d-0437,163,1065
COMBEYS-bc640d-05e6,162,1500
COMBEYS-bc640d-011e,161,258
COMBEYS-bc640d-0429,160,1050
COMBEYS-bc640d-0362,159,849
COMBEYS-bc640d-0375,158,868
COMBEYS-bc640d-043b,157,1069
COMBEYS-bc640d-014a,156,302
COMBEYS-bc640d-0268,155,595
COMBEYS-bc640d-01e9,154,465
COMBEYS-bc640d-0581,153,1398
COMBEYS-bc640d-01a3,152,393
COMBEYS-bc640d-05a8,151,1437
COMBEYS-bc640d-03e2,150,978
COMBEYS-bc640d-0593,149,1416
COMBEYS-bc640d-035b,148,842
COMBEYS-bc640d-03f5,147,997
COMBEYS-bc640d-024b,146,566
COMBEYS-bc640d-dd,145,193
COMBEYS-bc640d-0364,144,851
COMBEYS-bc640d-27,143,13
COMBEYS-bc640d-015f,142,322
COMBEYS-bc640d-0465,141,1111
COMBEYS-bc640d-04db,140,1230
COMBEYS-bc640d-03c1,139,945
COMBEYS-bc640d-97,138,122
COMBEYS-bc640d-03ee,137,990
COMBEYS-bc640d-046f,136,1121
COMBEYS-bc640d-0164,135,327
COMBEYS-bc640d-0319,134,774
COMBEYS-bc640d-0411,133,1026
COMBEYS-bc640d-0385,132,884
COMBEYS-bc640d-025a,131,581
COMBEYS-bc640d-bc,130,159
COMBEYS-bc640d-0443,129,1077
COMBEYS-bc640d-0586,128,1403
COMBEYS-bc640d-0400,127,1009
COMBEYS-bc640d-2d,126,19
COMBEYS-bc640d-0236,125,545
COMBEYS-bc640d-03bb,124,939
COMBEYS-bc640d-0372,123,865
COMBEYS-bc640d-a1,122,132
COMBEYS-bc640d-038f,121,894
COMBEYS-bc640d-018c,120,369
COMBEYS-bc640d-0135,119,281
COMBEYS-bc640d-0546,118,1338
COMBEYS-bc640d-05ae,117,1443
COMBEYS-bc640d-0219,116,514
COMBEYS-bc640d-05da,115,1488
COMBEYS-bc640d-0450,114,1090
COMBEYS-bc640d-0332,113,800
COMBEYS-bc640d-0487,112,1145
COMBEYS-bc640d-03d8,111,968
COMBEYS-bc640d-0456,110,1096
COMBEYS-bc640d-0515,109,1289
COMBEYS-bc640d-01c8,108,432
COMBEYS-bc640d-ec,107,208
COMBEYS-bc640d-017a,106,351
COMBEYS-bc640d-02a6,105,659
COMBEYS-bc640d-022f,104,538
COMBEYS-bc640d-040d,103,1022
COMBEYS-bc640d-05f9,102,1519
COMBEYS-bc640d-6a,101,86
COMBEYS-bc640d-0579,100,1390
COMBEYS-bc640d-ed,99,209
COMBEYS-bc640d-0418,98,1033
COMBEYS-bc640d-014c,97,304
COMBEYS-bc640d-05c1,96,1462
COMBEYS-bc640d-02a1,95,654
COMBEYS-bc640d-05c0,94,1461
COMBEYS-bc640d-04ae,93,1184
COMBEYS-bc640d-053f,92,1331
COMBEYS-bc640d-0509,91,1277
COMBEYS-bc640d-0514,90,1288
COMBEYS-bc640d-b0,89,147
COMBEYS-bc640d-0502,88,1270
COMBEYS-bc640d-016a,87,334
COMBEYS-bc640d-dc,86,191
COMBEYS-bc640d-0123,85,263
COMBEYS-bc640d-04d7,84,1226
COMBEYS-bc640d-020c,83,500
COMBEYS-bc640d-02a0,82,653
COMBEYS-bc640d-0594,81,1417
COMBEYS-bc640d-0457,80,1097
COMBEYS-bc640d-60,79,76
COMBEYS-bc640d-0169,78,333
COMBEYS-bc640d-6b,77,87
COMBEYS-bc640d-c4,76,167
COMBEYS-bc640d-8e,75,113
COMBEYS-bc640d-0615,74,1547
COMBEYS-bc640d-ea,73,206
COMBEYS-bc640d-24,72,10
COMBEYS-bc640d-058e,71,1411
COMBEYS-bc640d-0280,70,621
COMBEYS-bc640d-01e0,69,456
COMBEYS-bc640d-01b6,68,412
COMBEYS-bc640d-0180,67,357
COMBEYS-bc640d-05b7,66,1452
COMBEYS-bc640d-03fd,65,1006
COMBEYS-bc640d-0239,64,548
COMBEYS-bc640d-03bc,63,940
COMBEYS-bc640d-0356,62,837
COMBEYS-bc640d-05f4,61,1514
COMBEYS-bc640d-02c6,60,691
COMBEYS-bc640d-03e3,59,979
COMBEYS-bc640d-5c,58,71
COMBEYS-bc640d-0336,57,804
COMBEYS-bc640d-0125,56,265
COMBEYS-bc640d-027f,55,620
COMBEYS-bc640d-0111,54,245
COMBEYS-bc640d-054d,53,1345
COMBEYS-bc640d-04a5,52,1175
COMBEYS-bc640d-01ea,51,466
COMBEYS-bc640d-038d,50,892
COMBEYS-bc640d-0428,49,1049
COMBEYS-bc640d-052e,48,1314
COMBEYS-bc640d-057c,47,1393
COMBEYS-bc640d-013b,46,287
COMBEYS-bc640d-0328,45,790
COMBEYS-bc640d-0426,44,1047
COMBEYS-bc640d-0194,43,377
COMBEYS-bc640d-047a,42,1132
COMBEYS-bc640d-01b8,41,415
COMBEYS-bc640d-0134,40,280
COMBEYS-bc640d-051e,39,1298
COMBEYS-bc640d-e8,38,204
COMBEYS-bc640d-058d,37,1410
COMBEYS-bc640d-0323,36,785
COMBEYS-bc640d-04b8,35,1194
COMBEYS-bc640d-0569,34,1373
COMBEYS-bc640d-0258,33,579
COMBEYS-bc640d-0128,32,268
COMBEYS-bc640d-023a,31,549
COMBEYS-bc640d-05d6,30,1483
COMBEYS-bc640d-0386,29,885
COMBEYS-bc640d-04ac,28,1182
COMBEYS-bc640d-02dc,27,713
COMBEYS-bc640d-050f,26,1283
COMBEYS-bc640d-045a,25,1100
COMBEYS-bc640d-5f,24,75
COMBEYS-bc640d-44,23,43
COMBEYS-bc640d-0270,22,605
COMBEYS-bc640d-0419,21,1034
COMBEYS-bc640d-025f,20,586
COMBEYS-bc640d-04eb,19,1247
COMBEYS-bc640d-05cd,18,1474
COMBEYS-bc640d-0295,17,642
COMBEYS-bc640d-03b6,16,933
COMBEYS-bc640d-04b1,15,1187
COMBEYS-bc640d-028d,14,634
COMBEYS-bc640d-0387,13,886
COMBEYS-bc640d-055d,12,1361
COMBEYS-bc640d-0461,11,1107
COMBEYS-bc640d-043a,10,1068
COMBEYS-bc640d-0294,9,641
COMBEYS-bc640d-04ec,8,1248
COMBEYS-bc640d-2f,7,21
COMBEYS-bc640d-02b0,6,669
COMBEYS-bc640d-05b9,5,1454
COMBEYS-bc640d-82,4,1003
COMBEYS-bc640d-80,3,1055
COMBEYS-bc640d-83,2,1221
COMBEYS-bc640d-015a,1,1241
